project,flow,owner,today_cost,avg_cost,median_cost,p95_cost,ratio_to_avg,ratio_to_median,absolute_increase,is_anomaly
project_A06,flow_007,mr_blonde,43.2529,4.506760714285714,4.464,5.19917,9.597336699704332,9.689269713261647,38.746139285714285,True
project_A08,flow_029,jules_winnfield,58.454,5.427903571428572,5.4264,6.090675,10.769166996202822,10.772150965649418,53.02609642857143,True
project_A03,flow_164,mr_pink,478.6563,42.06477857142857,41.968050000000005,46.85504,11.379028162176398,11.405254711619909,436.5915214285714,True
